cohort_year,investor_count,total_investment,avg_investment
2024,4803,3491125187,107422.54183205638
2025,197,30455243,109158.5770609319
